category,price_band,discount_pct,orders,gross_revenue,discount_amount,net_revenue,returns_loss,shipping_cost,contribution_profit,loss_making_orders,loss_total,loss_gross,loss_ship,loss_retpct,loss_discpct,gross_keep
Apparel,1: <250,0,3950,512179.94,0.0,512179.94,53483.458496,97974.07,360722.411504,300,-4062.105938,7771.04,10969.3,3268.21,0,458696.481504
Apparel,1: <250,5,3946,511234.6,25561.73,485672.87,51429.71316245,98946.89,335296.26683755,331,-4845.722723950001,8691.79,12183.72,3640.49,1655,457098.059829
Apparel,1: <250,10,4030,520561.59,52056.159,468505.431,49658.9013837,102134.39,316712.1396163,397,-5384.199164799999,11171.28,14321.74,4229.33,3970,465385.032907
Apparel,1: <250,15,3885,503728.29,75559.2435,428169.0465,45645.6978534,97297.3,285226.0486466,366,-4967.0995519,10952.19,13315.84,3739.85,5490,450027.468996
Apparel,1: <250,20,4065,525668.37,105133.674,420534.696,44044.6965472,100633.88,275856.1194528,427,-5981.8042424,13159.4,15340.44,4641.9,8540,470612.499316
Apparel,1: <250,25,4086,528746.79,132186.6975,396560.0925,41054.97700875,103161.2,252343.91549125,451,-6470.201902,14464.32,16057.3,5150.94,11275,474006.820655
Apparel,2: 250-499,0,4279,1603980.45,0.0,1603980.45,167754.475417,107698.86,1328527.114583,0,0.0,0.0,0.0,0.0,0,1436225.974583
Apparel,2: 250-499,5,4207,1587424.38,79371.219,1508053.161,159746.1535594,105757.94,1242549.0674406,0,0.0,0.0,0.0,0.0,0,1419270.534148
Apparel,2: 250-499,10,4149,1553300.75,155330.075,1397970.675,148222.0529433,104518.39,1145230.2320567,0,0.0,0.0,0.0,0.0,0,1388609.580063
Apparel,2: 250-499,15,4204,1572532.24,235879.836,1336652.404,138884.50974375,106389.57,1091378.32425625,0,0.0,0.0,0.0,0.0,0,1409138.699125
Apparel,2: 250-499,20,4147,1552460.33,310492.066,1241968.264,129991.7694464,104696.66,1007279.8345536,0,0.0,0.0,0.0,0.0,0,1389970.618192
Apparel,2: 250-499,25,4295,1616448.45,404112.1125,1212336.3375,126617.393661,107093.03,978625.913839,0,0.0,0.0,0.0,0.0,0,1447625.258452
Apparel,3: 500-999,0,8368,6294892.02,0.0,6294892.02,662665.89095,210434.77,5421791.35905,0,0.0,0.0,0.0,0.0,0,5632226.12905
Apparel,3: 500-999,5,8209,6146804.92,307340.246,5839464.674,611576.61705035,204853.66,5023034.39694965,0,0.0,0.0,0.0,0.0,0,5503040.059947
Apparel,3: 500-999,10,8327,6224115.63,622411.563,5601704.067,591552.4574151001,208583.14,4801568.4695849,0,0.0,0.0,0.0,0.0,0,5566835.121761
Apparel,3: 500-999,15,8390,6276254.12,941438.118,5334816.002,557243.39768865,208598.94,4568973.66431135,0,0.0,0.0,0.0,0.0,0,5620673.652131
Apparel,3: 500-999,20,8399,6311219.41,1262243.882,5048975.528,532416.6076632,209081.73,4307477.1903368,0,0.0,0.0,0.0,0.0,0,5645698.650421
Apparel,3: 500-999,25,8275,6197835.7,1549458.925,4648376.775,484384.56730725,207563.8,3956428.40769275,0,0.0,0.0,0.0,0.0,0,5551989.610257
Apparel,4: 1000-1499,0,8216,10260084.4,0.0,10260084.4,1070274.756653,203855.02,8985954.623347,0,0.0,0.0,0.0,0.0,0,9189809.643347
Apparel,4: 1000-1499,5,8422,10515776.36,525788.818,9989987.542,1054464.67917385,211773.31,8723749.55282615,0,0.0,0.0,0.0,0.0,0,9405813.539817
Apparel,4: 1000-1499,10,8294,10381278.85,1038127.885,9343150.965,977016.5952804,207210.39,8158923.979719601,0,0.0,0.0,0.0,0.0,0,9295704.855244
Apparel,4: 1000-1499,15,8376,10449619.32,1567442.898,8882176.422,925393.4724225,209877.82,7746905.1295775,0,0.0,0.0,0.0,0.0,0,9360921.11715
Apparel,4: 1000-1499,20,8254,10325893.25,2065178.65,8260714.600000001,870920.3515776,205064.61,7184729.638422401,0,0.0,0.0,0.0,0.0,0,9237242.810528
Apparel,4: 1000-1499,25,8367,10465673.1,2616418.275,7849254.825,816057.44730825,211469.46,6821727.91769175,0,0.0,0.0,0.0,0.0,0,9377596.503589
Apparel,5: 1500+,0,8352,14603710.15,0.0,14603710.15,1535903.060412,208823.83,12858983.259588,0,0.0,0.0,0.0,0.0,0,13067807.089588
Apparel,5: 1500+,5,8410,14730644.43,736532.2215,13994112.2085,1454938.199661,205994.18,12333179.828839,0,0.0,0.0,0.0,0.0,0,13199130.53562
Apparel,5: 1500+,10,8455,14798543.58,1479854.358,13318689.222,1399732.762941,211163.4,11707793.059059,0,0.0,0.0,0.0,0.0,0,13243284.95451
Apparel,5: 1500+,15,8355,14642202.36,2196330.354,12445872.006,1304969.2160897,208992.91,10931909.8799103,0,0.0,0.0,0.0,0.0,0,13106944.458718
Apparel,5: 1500+,20,8211,14347489.89,2869497.978,11477991.912,1194939.1319736,205786.67,10077266.1100264,0,0.0,0.0,0.0,0.0,0,12853815.975033
Apparel,5: 1500+,25,8298,14526795.23,3631698.8075,10895096.4225,1143055.4570655,208148.71,9543892.2554345,0,0.0,0.0,0.0,0.0,0,13002721.287246
Books,1: <250,0,3966,520915.19,0.0,520915.19,55429.865072,99837.49,365647.834928,308,-4442.463296,8071.5,11593.69,3399.95,0,465485.324928
Books,1: <250,5,4068,538884.18,26944.209,511939.971,54051.91036535,101263.81,356624.25063465,316,-4359.28622205,8656.41,11605.77,3618.01,1580,481987.432247
Books,1: <250,10,4048,525733.26,52573.326,473159.934,48836.7766665,100604.81,323718.3473335,386,-5287.243541399999,11026.44,14112.27,4229.49,3860,471470.174815
Books,1: <250,15,3858,499579.95,74936.9925,424642.9575,44606.79520915,96482.36,283553.80229085,368,-5392.845934200001,10527.62,13341.21,4034.11,5520,447101.367401
Books,1: <250,20,3972,524611.4,104922.28,419689.12,43786.3256592,98676.68,277226.1143408,419,-5736.4470144,12949.96,14983.86,4445.05,8380,469878.492926
Books,1: <250,25,4072,522668.8,130667.2,392001.6,41453.60220525,101582.64,248965.35779475,518,-7270.54370675,16247.67,18064.7,5801.24,12950,467397.330393
Books,2: 250-499,0,4160,1556479.92,0.0,1556479.92,162264.009122,103700.29,1290515.620878,0,0.0,0.0,0.0,0.0,0,1394215.910878
Books,2: 250-499,5,4203,1582908.32,79145.416,1503762.904,158104.7504431,105887.82,1239770.3335569,0,0.0,0.0,0.0,0.0,0,1416482.266902
Books,2: 250-499,10,4178,1565085.73,156508.573,1408577.157,146776.9958478,104495.73,1157304.4311522,0,0.0,0.0,0.0,0.0,0,1402000.179058
Books,2: 250-499,15,4227,1588863.63,238329.5445,1350534.0855,142193.35106875,104766.86,1103573.87443125,0,0.0,0.0,0.0,0.0,0,1421577.334625
Books,2: 250-499,20,4294,1615248.1,323049.62,1292198.48,134670.628128,106232.19,1051295.661872,0,0.0,0.0,0.0,0.0,0,1446909.81484
Books,2: 250-499,25,4202,1571394.5,392848.625,1178545.875,122486.691087,105903.9,950155.283913,0,0.0,0.0,0.0,0.0,0,1408078.911884
Books,3: 500-999,0,8563,6394549.0,0.0,6394549.0,668286.79416,213965.99,5512296.21584,0,0.0,0.0,0.0,0.0,0,5726262.20584
Books,3: 500-999,5,8317,6244703.96,312235.198,5932468.762,622669.64591965,208128.83,5101670.28608035,0,0.0,0.0,0.0,0.0,0,5589262.227453
Books,3: 500-999,10,8373,6266987.64,626698.764,5640288.876,595853.9498682,209717.0,4834717.9261318,0,0.0,0.0,0.0,0.0,0,5604927.695702
Books,3: 500-999,15,8261,6178628.15,926794.2225,5251833.9275,549831.59419675,206384.11,4495618.22330325,0,0.0,0.0,0.0,0.0,0,5531767.450945
Books,3: 500-999,20,8406,6304300.97,1260860.194,5043440.776000001,528621.6172704,210187.38,4304631.7787296,0,0.0,0.0,0.0,0.0,0,5643523.948412
Books,3: 500-999,25,8481,6374213.83,1593553.4575,4780660.3725,499789.61011725,210741.99,4070128.77238275,0,0.0,0.0,0.0,0.0,0,5707827.683177
Books,4: 1000-1499,0,8376,10478536.72,0.0,10478536.72,1091530.631634,207708.78,9179297.308366,0,0.0,0.0,0.0,0.0,0,9387006.088366
Books,4: 1000-1499,5,8375,10471355.53,523567.7765,9947787.7535,1051337.21711985,208951.88,8687498.65638015,0,0.0,0.0,0.0,0.0,0,9364684.775137
Books,4: 1000-1499,10,8276,10332124.32,1033212.432,9298911.888,971623.3825314001,205812.8,8121475.705468601,0,0.0,0.0,0.0,0.0,0,9252542.783854
Books,4: 1000-1499,15,8556,10695337.1,1604300.565,9091036.535,949996.22853085,212832.65,7928207.65646915,0,0.0,0.0,0.0,0.0,0,9577694.478199
Books,4: 1000-1499,20,8624,10788039.85,2157607.97,8630431.88,908905.1002344,217730.38,7503796.3997656,0,0.0,0.0,0.0,0.0,0,9651908.474707
Books,4: 1000-1499,25,8357,10451464.41,2612866.1025,7838598.3075,821187.74493,208322.99,6809087.57257,0,0.0,0.0,0.0,0.0,0,9356547.41676
Books,5: 1500+,0,8311,14557407.24,0.0,14557407.24,1523042.454012,207313.74,12827051.045988,0,0.0,0.0,0.0,0.0,0,13034364.785988
Books,5: 1500+,5,8432,14766609.22,738330.461,14028278.759,1462355.21718085,210793.38,12355130.16181915,0,0.0,0.0,0.0,0.0,0,13227287.938757
Books,5: 1500+,10,8376,14667077.41,1466707.741,13200369.669,1378530.6086781,207172.32,11614666.7403219,0,0.0,0.0,0.0,0.0,0,13135376.733691
Books,5: 1500+,15,8502,14867782.24,2230167.336,12637614.904,1336032.7249963,210934.71,11090647.4690037,0,0.0,0.0,0.0,0.0,0,13295979.034122
Books,5: 1500+,20,8513,14905028.42,2981005.684,11924022.736,1252631.1289944,214820.91,10456570.6970056,0,0.0,0.0,0.0,0.0,0,13339239.508757
Books,5: 1500+,25,8404,14711705.91,3677926.4775,11033779.4325,1154627.67678525,209697.1,9669454.65571475,0,0.0,0.0,0.0,0.0,0,13172202.340953
Electronics,1: <250,0,3937,507250.4,0.0,507250.4,52409.950215,98411.05,356429.399785,325,-4474.542271,8263.06,11830.08,3581.07,0,454840.449785
Electronics,1: <250,5,3911,508337.95,25416.8975,482921.0525,50207.37348945,97958.89,334754.78901055,327,-4396.51604105,8693.35,11738.11,3540.9,1635,455488.083169
Electronics,1: <250,10,3960,518915.93,51891.593,467024.337,48340.4689773,99586.48,319097.3880227,356,-5208.324045699999,9347.15,12718.48,3757.37,3560,465204.297803
Electronics,1: <250,15,3990,513734.88,77060.232,436674.648,45699.7693794,99909.64,291065.2386206,407,-5723.94973675,11667.53,14490.67,4589.19,6105,459970.445436
Electronics,1: <250,20,4137,523224.58,104644.916,418579.664,43739.57876,103743.91,271096.17524,458,-6692.552739999999,13610.34,16330.51,5082.64,9160,468550.10655
Electronics,1: <250,25,4003,514969.42,128742.355,386227.065,40989.77068425,100133.09,245104.20431575,485,-7079.54230575,15580.67,17452.05,5357.36,12125,460316.392421
Electronics,2: 250-499,0,4168,1562427.14,0.0,1562427.14,164661.586365,105180.43,1292585.123635,0,0.0,0.0,0.0,0.0,0,1397765.553635
Electronics,2: 250-499,5,4238,1589845.83,79492.2915,1510353.5385,157946.63975715,106643.6,1245763.29874285,0,0.0,0.0,0.0,0.0,0,1423586.209203
Electronics,2: 250-499,10,4285,1598272.86,159827.286,1438445.574,148568.7771774,106525.7,1183351.0968226,0,0.0,0.0,0.0,0.0,0,1433196.440914
Electronics,2: 250-499,15,4085,1531751.75,229762.7625,1301988.9875,138040.8242212,102236.46,1061711.7032788,0,0.0,0.0,0.0,0.0,0,1369350.780328
Electronics,2: 250-499,20,4175,1558408.44,311681.688,1246726.752,130925.2398848,103476.68,1012324.8321152,0,0.0,0.0,0.0,0.0,0,1394751.890144
Electronics,2: 250-499,25,4129,1553047.21,388261.8025,1164785.4075,122043.65497425,101121.24,941620.51252575,0,0.0,0.0,0.0,0.0,0,1390322.336701
Electronics,3: 500-999,0,8335,6256723.73,0.0,6256723.73,662745.457443,207934.06,5386044.212557,0,0.0,0.0,0.0,0.0,0,5593978.272557
Electronics,3: 500-999,5,8291,6208362.92,310418.146,5897944.773999999,619029.86499285,207406.54,5071508.36900715,0,0.0,0.0,0.0,0.0,0,5556752.535797
Electronics,3: 500-999,10,8405,6305006.88,630500.688,5674506.192,598264.1384535,209171.64,4867070.4135465,0,0.0,0.0,0.0,0.0,0,5640268.948385
Electronics,3: 500-999,15,8462,6330112.17,949516.8255,5380595.3445,565274.4432528,210776.03,4604544.8712472,0,0.0,0.0,0.0,0.0,0,5665083.413232
Electronics,3: 500-999,20,8370,6267866.62,1253573.324,5014293.296,528307.4328848,212249.68,4273736.1831152,0,0.0,0.0,0.0,0.0,0,5607482.328894
Electronics,3: 500-999,25,8346,6250437.81,1562609.4525,4687828.3575,496811.26162575,210521.11,3980495.98587425,0,0.0,0.0,0.0,0.0,0,5588022.794499
Electronics,4: 1000-1499,0,8532,10670937.54,0.0,10670937.54,1108474.509899,213334.72,9349128.310101,0,0.0,0.0,0.0,0.0,0,9562463.030101
Electronics,4: 1000-1499,5,8330,10426186.84,521309.342,9904877.498,1026654.06327225,209800.89,8668422.54472775,0,0.0,0.0,0.0,0.0,0,9345498.352345
Electronics,4: 1000-1499,10,8408,10497044.32,1049704.432,9447339.888,991989.4571244001,209595.94,8245754.4908756,0,0.0,0.0,0.0,0.0,0,9394833.812084
Electronics,4: 1000-1499,15,8451,10565030.82,1584754.623,8980276.197,941763.25879505,212126.7,7826386.23820495,0,0.0,0.0,0.0,0.0,0,9457074.044947
Electronics,4: 1000-1499,20,8485,10593461.12,2118692.224,8474768.896,886698.2344752001,212482.68,7375587.9815248,0,0.0,0.0,0.0,0.0,0,9485088.326906
Electronics,4: 1000-1499,25,8412,10510613.87,2627653.4675,7882960.4025,831994.00914225,208293.31,6842673.08335775,0,0.0,0.0,0.0,0.0,0,9401288.524477
Electronics,5: 1500+,0,8469,14828091.27,0.0,14828091.27,1539670.912463,210806.63,13077613.727537,0,0.0,0.0,0.0,0.0,0,13288420.357537
Electronics,5: 1500+,5,8371,14639916.12,731995.806,13907920.314,1458853.94722115,210339.14,12238727.22677885,0,0.0,0.0,0.0,0.0,0,13104280.386083
Electronics,5: 1500+,10,8441,14764791.76,1476479.176,13288312.584,1397264.084667,208886.2,11682162.299333,0,0.0,0.0,0.0,0.0,0,13212276.11037
Electronics,5: 1500+,15,8343,14590055.56,2188508.334,12401547.226,1304206.7812316,211390.41,10885950.0347684,0,0.0,0.0,0.0,0.0,0,13055694.640904
Electronics,5: 1500+,20,8415,14743797.19,2948759.438,11795037.752,1237646.6353216,209463.79,10347927.3266784,0,0.0,0.0,0.0,0.0,0,13196738.895848
Electronics,5: 1500+,25,8347,14616802.33,3654200.5825,10962601.7475,1149488.4850545,210794.07,9602319.1924455,0,0.0,0.0,0.0,0.0,0,13084151.016594
Footwear,1: <250,0,4001,519967.44,0.0,519967.44,55261.032862,99790.42,364915.987138,327,-4613.314115,8353.38,12050.68,3544.31,0,464706.407138
Footwear,1: <250,5,4125,534205.75,26710.2875,507495.4625,53860.2497169,102269.39,351365.8227831,327,-4576.608030050001,8690.88,11918.57,3429.51,1635,477510.750298
Footwear,1: <250,10,3998,523121.6,52312.16,470809.44,49475.1567501,99972.36,321361.9232499,354,-5081.1705647,9544.41,12735.26,3814.06,3540,468149.203611
Footwear,1: <250,15,4150,536492.41,80473.8615,456018.5485,47825.44712605,102567.85,305625.25137395,432,-6028.7574819,12013.61,15132.82,4601.83,6480,480227.178087
Footwear,1: <250,20,3996,515533.3,103106.66,412426.64,42926.943768,101032.16,268467.536232,473,-6587.812010399999,14421.95,16797.3,5346.79,9460,461874.62029
Footwear,1: <250,25,3901,510945.27,127736.3175,383208.9525,40333.8279795,97066.89,245808.2345205,449,-6509.3406535,14149.15,15933.04,4888.91,11225,457166.832694
Footwear,2: 250-499,0,4252,1589525.85,0.0,1589525.85,166612.991746,106992.68,1315920.178254,0,0.0,0.0,0.0,0.0,0,1422912.858254
Footwear,2: 250-499,5,4095,1527125.12,76356.256,1450768.864,152110.90031055,102759.41,1195898.55368945,0,0.0,0.0,0.0,0.0,0,1367008.382831
Footwear,2: 250-499,10,4172,1569030.14,156903.014,1412127.126,146355.0423696,105391.55,1160380.5336304,0,0.0,0.0,0.0,0.0,0,1406413.426256
Footwear,2: 250-499,15,4177,1569185.33,235377.7995,1333807.5305,139906.07425545,103152.15,1090749.30624455,0,0.0,0.0,0.0,0.0,0,1404589.948523
Footwear,2: 250-499,20,4159,1554996.03,310999.206,1243996.824,130201.585012,102902.87,1010892.368988,0,0.0,0.0,0.0,0.0,0,1392244.048735
Footwear,2: 250-499,25,4266,1604978.65,401244.6625,1203733.9875,127041.49212225,106726.31,969966.18537775,0,0.0,0.0,0.0,0.0,0,1435589.993837
Footwear,3: 500-999,0,8331,6234419.99,0.0,6234419.99,656982.397617,208057.12,5369380.472383,0,0.0,0.0,0.0,0.0,0,5577437.592383
Footwear,3: 500-999,5,8351,6255994.02,312799.701,5943194.319,631392.1063898,206705.12,5105097.0926102,0,0.0,0.0,0.0,0.0,0,5591370.750116
Footwear,3: 500-999,10,8531,6408240.67,640824.067,5767416.603,602338.8394584,210760.56,4954317.2035416,0,0.0,0.0,0.0,0.0,0,5738975.292824
Footwear,3: 500-999,15,8424,6301210.0,945181.5,5356028.5,560730.00364805,210507.07,4584791.42635195,0,0.0,0.0,0.0,0.0,0,5641527.642767
Footwear,3: 500-999,20,8495,6367156.49,1273431.298,5093725.192000001,529520.9598064,214007.03,4350197.2021936,0,0.0,0.0,0.0,0.0,0,5705255.290242
Footwear,3: 500-999,25,8438,6340905.87,1585226.4675,4755679.4025,500464.050165,210843.85,4044371.502335,0,0.0,0.0,0.0,0.0,0,5673620.46978
Footwear,4: 1000-1499,0,8368,10462092.9,0.0,10462092.9,1106601.836108,208871.23,9146619.833892,0,0.0,0.0,0.0,0.0,0,9355491.063892
Footwear,4: 1000-1499,5,8314,10381082.98,519054.149,9862028.831,1034222.35079215,205395.38,8622411.10020785,0,0.0,0.0,0.0,0.0,0,9292427.873903
Footwear,4: 1000-1499,10,8420,10521907.37,1052190.737,9469716.633,989041.3856496001,210895.11,8269780.1373504,0,0.0,0.0,0.0,0.0,0,9422972.497056
Footwear,4: 1000-1499,15,8402,10517533.52,1577630.028,8939903.492,939226.1125418,208673.91,7792003.4694582,0,0.0,0.0,0.0,0.0,0,9412561.622892
Footwear,4: 1000-1499,20,8388,10506570.38,2101314.076,8405256.304,890702.4504280001,208707.48,7305846.373572,0,0.0,0.0,0.0,0.0,0,9393192.316965
Footwear,4: 1000-1499,25,8391,10482765.06,2620691.265,7862073.795,826426.88993775,209638.64,6826008.26506225,0,0.0,0.0,0.0,0.0,0,9380862.540083
Footwear,5: 1500+,0,8248,14435002.14,0.0,14435002.14,1517165.76892,204352.55,12713483.82108,0,0.0,0.0,0.0,0.0,0,12917836.37108
Footwear,5: 1500+,5,8261,14475135.96,723756.798,13751379.162,1454547.5412595,206669.81,12090161.8107405,0,0.0,0.0,0.0,0.0,0,12944033.28499
Footwear,5: 1500+,10,8551,14965407.2,1496540.72,13468866.48,1408289.5770426,212888.79,11847688.1129574,0,0.0,0.0,0.0,0.0,0,13400641.003286
Footwear,5: 1500+,15,8163,14262467.17,2139370.0755,12123097.0945,1285784.16723705,204337.7,10632975.22726295,0,0.0,0.0,0.0,0.0,0,12749779.914427
Footwear,5: 1500+,20,8267,14485878.2,2897175.64,11588702.56,1217116.1011536,203800.28,10167786.1788464,0,0.0,0.0,0.0,0.0,0,12964483.073558
Footwear,5: 1500+,25,8454,14786252.05,3696563.0125,11089689.0375,1156829.56239675,211727.04,9721132.43510325,0,0.0,0.0,0.0,0.0,0,13243812.633471
Home Appliances,1: <250,0,4108,533706.85,0.0,533706.85,56174.428098,101847.17,375685.251902,318,-4455.566097,7984.75,11527.34,3558.52,0,477532.421902
Home Appliances,1: <250,5,4051,529230.5,26461.525,502768.975,53018.14939735,102585.53,347165.29560265,351,-4862.42834175,9222.5,12640.76,3901.11,1755,473421.921687
Home Appliances,1: <250,10,4029,522842.58,52284.258,470558.322,49117.505778,100550.2,320890.616222,377,-5204.0057667,10667.67,13738.2,4112.39,3770,468267.57358
Home Appliances,1: <250,15,4007,520135.66,78020.349,442115.311,46406.1103184,98984.75,296724.4506816,376,-5222.764386950001,10793.75,13373.95,4145.8,5640,465540.236096
Home Appliances,1: <250,20,4025,520221.6,104044.32,416177.28,43578.0254512,101549.79,271049.4645488,471,-6887.788720799999,14258.0,17047.31,4984.2,9420,465749.068186
Home Appliances,1: <250,25,4044,536636.79,134159.1975,402477.5925,42253.43376975,101032.99,259191.16873025,439,-5994.04961975,14669.73,15788.57,4765.37,10975,480298.878307
Home Appliances,2: 250-499,0,4207,1574360.43,0.0,1574360.43,165313.799126,103857.69,1305188.940874,0,0.0,0.0,0.0,0.0,0,1409046.630874
Home Appliances,2: 250-499,5,4080,1528223.56,76411.178,1451812.382,154197.2654025,101802.24,1195812.8765975,0,0.0,0.0,0.0,0.0,0,1365910.64905
Home Appliances,2: 250-499,10,4189,1563285.48,156328.548,1406956.932,148344.4680156,105848.47,1152763.9939844,0,0.0,0.0,0.0,0.0,0,1398458.293316
Home Appliances,2: 250-499,15,3979,1489489.91,223423.4865,1266066.4235,133134.4512003,98959.08,1033972.8922997,0,0.0,0.0,0.0,0.0,0,1332861.143882
Home Appliances,2: 250-499,20,4269,1592129.1,318425.82,1273703.28,133591.4646728,107390.89,1032720.9253272,0,0.0,0.0,0.0,0.0,0,1425139.769159
Home Appliances,2: 250-499,25,4148,1556164.37,389041.0925,1167123.2775,121239.106431,104595.24,941288.931069,0,0.0,0.0,0.0,0.0,0,1394512.228092
Home Appliances,3: 500-999,0,8320,6226450.18,0.0,6226450.18,653750.095153,207681.2,5365018.884847,0,0.0,0.0,0.0,0.0,0,5572700.084847
Home Appliances,3: 500-999,5,8348,6244949.35,312247.4675,5932701.882499999,616515.08468515,211265.55,5104921.24781485,0,0.0,0.0,0.0,0.0,0,5595986.102963
Home Appliances,3: 500-999,10,8252,6185261.59,618526.159,5566735.431,584770.1705109,208500.62,4773464.6404891,0,0.0,0.0,0.0,0.0,0,5535516.956099
Home Appliances,3: 500-999,15,8359,6290477.96,943571.694,5346906.266,556975.6081356,209828.96,4580101.6978644,0,0.0,0.0,0.0,0.0,0,5635212.538664
Home Appliances,3: 500-999,20,8557,6427419.14,1285483.828,5141935.312,540512.4606288,211966.91,4389455.941371201,0,0.0,0.0,0.0,0.0,0,5751778.564214
Home Appliances,3: 500-999,25,8383,6283799.01,1570949.7525,4712849.2575,497777.43889125,210104.98,4004966.83860875,0,0.0,0.0,0.0,0.0,0,5620095.758145
Home Appliances,4: 1000-1499,0,8248,10307667.14,0.0,10307667.14,1074677.120174,205588.88,9027401.139826,0,0.0,0.0,0.0,0.0,0,9232990.019826
Home Appliances,4: 1000-1499,5,8234,10286089.67,514304.4835,9771785.1865,1031246.87847055,207368.97,8533169.33802945,0,0.0,0.0,0.0,0.0,0,9200566.640031
Home Appliances,4: 1000-1499,10,8474,10599362.41,1059936.241,9539426.169,994150.7869356,212238.49,8333036.8920644,0,0.0,0.0,0.0,0.0,0,9494750.424516
Home Appliances,4: 1000-1499,15,8313,10384106.45,1557615.9675,8826490.4825,933939.31432415,207484.06,7685067.10817585,0,0.0,0.0,0.0,0.0,0,9285354.315501
Home Appliances,4: 1000-1499,20,8476,10598968.37,2119793.674,8479174.696,894142.5540952,210519.52,7374512.621904801,0,0.0,0.0,0.0,0.0,0,9481290.177381
Home Appliances,4: 1000-1499,25,8411,10506719.06,2626679.765,7880039.295,826382.7972375,209265.05,6844391.4477625,0,0.0,0.0,0.0,0.0,0,9404875.33035
Home Appliances,5: 1500+,0,8379,14631299.8,0.0,14631299.8,1533774.515138,208425.51,12889099.774862,0,0.0,0.0,0.0,0.0,0,13097525.284862
Home Appliances,5: 1500+,5,8312,14569812.76,728490.638,13841322.122,1450313.15501065,205871.32,12185137.64698935,0,0.0,0.0,0.0,0.0,0,13043167.333673
Home Appliances,5: 1500+,10,8260,14458841.0,1445884.1,13012956.9,1371093.8195466,206327.99,11435535.0904534,0,0.0,0.0,0.0,0.0,0,12935403.422726
Home Appliances,5: 1500+,15,8422,14745204.18,2211780.627,12533423.553,1314858.6579987,211323.53,11007241.3650013,0,0.0,0.0,0.0,0.0,0,13198311.641178
Home Appliances,5: 1500+,20,8361,14635330.81,2927066.162,11708264.648,1237752.056112,209455.86,10261056.731888,0,0.0,0.0,0.0,0.0,0,13088140.73986
Home Appliances,5: 1500+,25,8463,14826678.33,3706669.5825,11120008.7475,1174648.02094125,211009.09,9734351.63655875,0,0.0,0.0,0.0,0.0,0,13260480.968745
